step,mode,layer_name,weight_idx,old_int8,new_int8,grad_val,attack_loss_before,attack_loss_after,delta_attack_loss,eval_loss,eval_acc,n_layer_candidates,n_global_candidates,elapsed_sec
1,global,layer1.0.conv1,322,51,-77,-0.04653327,0.03129639,0.06662362,0.03532723,0.27930227,91.7000,1,37,4.8490
2,global,layer1.0.conv2,1556,-4,124,0.08999595,0.06662362,0.10767971,0.04105609,0.29631857,91.7500,1,30,4.7547
3,global,layer1.0.conv1,30,-11,117,0.15016571,0.10767971,0.25394875,0.14626904,0.36050794,89.4000,1,21,4.9235
4,global,layer1.0.conv2,1445,-12,116,0.62461972,0.25394875,0.54275972,0.28881097,0.57542988,83.8000,1,17,4.6305
5,global,layer1.1.conv2,1446,-19,109,0.42493761,0.54275972,0.67577869,0.13301897,0.69103433,80.6500,1,21,4.7582
6,global,layer2.2.conv1,1666,9,-119,-0.35386759,0.67577869,0.80762684,0.13184816,0.83947975,78.1500,4,20,4.6017
7,global,layer1.0.conv2,1448,-19,109,1.50842214,0.80762684,1.47119379,0.66356695,1.45118540,67.4500,1,18,4.4931
8,global,layer2.2.conv1,5991,-9,119,0.65845990,1.47119379,2.38318563,0.91199183,2.45789181,54.1500,1,17,4.4022
9,global,layer2.2.conv1,5990,-9,119,4.48724985,2.38318563,5.73045826,3.34727263,6.16497321,28.5500,1,15,5.0921
10,global,layer2.2.conv1,5986,-6,122,11.56164551,5.73045826,9.85131168,4.12085342,10.50110281,16.4500,1,15,4.9663
11,global,layer3.1.conv1,14038,44,-84,-8.95064163,9.85131168,11.57956028,1.72824860,12.51544552,15.6500,2,18,4.4246
12,global,layer2.2.conv2,5082,20,-108,-14.09620476,11.57956028,13.46730042,1.88774014,14.28966920,13.4000,1,18,5.0289
13,global,layer1.0.conv1,1039,-20,108,1.79230547,13.46730042,16.20677757,2.73947716,17.14190720,11.1000,2,20,4.9674
14,global,layer3.1.conv2,13688,-19,109,14.03264046,16.20677757,19.02920532,2.82242775,20.37820726,10.7000,3,21,4.6580
15,global,layer3.1.conv2,13687,-33,95,16.11109543,19.02920532,22.17747307,3.14826775,24.02336726,10.5000,2,17,4.7491
16,global,layer3.1.conv2,13685,-15,113,17.31735229,22.17747307,25.49253464,3.31506157,27.76818507,10.3500,1,18,4.7079
17,global,layer1.0.conv1,1035,-20,108,2.15588903,25.49253464,29.34202957,3.84949493,31.84060068,9.6500,1,22,4.7199
18,global,layer3.0.conv1,12019,26,-102,-14.18453407,29.34202957,33.65750122,4.31547165,36.25219012,9.6500,2,30,4.5199
19,global,layer3.1.conv1,35348,25,-103,-28.99804688,33.65750122,38.38670731,4.72920609,41.61690460,9.6500,4,28,4.4391
20,global,layer3.0.conv1,6263,-15,113,15.47573853,38.38670731,43.16103745,4.77433014,46.52265192,9.6000,1,16,4.5218
21,global,layer2.2.conv1,5935,-22,106,5.64417076,43.16103745,48.10465622,4.94361877,49.95343253,9.6000,1,19,4.4395
22,global,layer3.1.conv2,13315,-27,101,26.46721649,48.10465622,52.99207306,4.88741684,55.07339658,9.6000,1,23,4.7331
23,global,layer3.0.conv1,8276,70,-58,-17.79872894,52.99207306,58.01713562,5.02506256,60.43630502,9.6000,3,23,4.7498
24,global,layer3.1.conv2,3320,22,-106,-28.32561493,58.01713562,63.00711823,4.98998260,65.77131049,9.6000,1,25,4.5157
25,global,layer3.1.conv2,13314,-17,111,28.22088432,63.00711823,68.18224335,5.17512512,71.26129468,9.6000,1,22,4.6152
26,global,layer3.1.conv1,18067,22,-106,-39.40372849,68.18224335,72.59653473,4.41429138,76.13607324,9.6000,1,21,4.5845
27,global,layer3.1.conv1,27857,-39,89,-43.31778717,72.59653473,78.27288055,5.67634583,81.73053253,9.6000,1,21,4.3793
28,global,layer1.2.conv1,1824,23,-105,7.39681244,78.27288055,82.51372528,4.24084473,85.93476556,9.5500,3,14,4.8413
29,global,layer3.0.conv1,3953,18,-110,-22.40424728,82.51372528,86.20684052,3.69311523,89.65096472,9.5500,2,17,4.6018
30,global,layer1.1.conv1,810,-2,126,-7.70604134,86.20684052,90.36613464,4.15929413,94.18651642,9.5500,1,13,4.7311
31,global,layer3.0.conv1,3379,12,-116,-23.75511932,90.36613464,95.79782867,5.43169403,99.95282800,9.5500,1,20,5.2187
32,global,layer1.0.conv2,212,-23,105,-14.28806877,95.79782867,101.06837463,5.27054596,105.69506934,9.5500,1,20,4.8189
33,global,layer1.2.conv1,234,-17,111,7.72662449,101.06837463,116.17929077,15.11091614,121.86142365,9.5500,2,16,4.5716
34,global,layer1.2.conv1,240,-21,107,10.86546230,116.17929077,128.31538391,12.13609314,133.26670667,9.5500,1,17,4.8134
35,global,layer1.0.conv2,1505,-29,99,-7.51032495,128.31538391,153.77795410,25.46257019,157.29659229,9.5500,1,16,4.6576
36,global,layer1.0.conv2,1506,-55,73,-10.04260159,153.77795410,177.14474487,23.36679077,179.67828979,9.5500,3,24,5.0637
37,global,layer2.0.conv2,6016,54,-74,-22.43692398,177.14474487,192.80615234,15.66140747,194.97921472,9.5500,4,26,4.4362
38,global,layer1.0.conv2,1509,-19,109,-10.02175617,192.80615234,219.92243958,27.11628723,221.22331836,9.5500,3,21,4.8392
39,global,layer1.0.conv2,1504,-30,98,-11.64960861,219.92243958,245.68585205,25.76341248,246.35255347,9.5500,2,20,4.8946
40,global,layer1.0.conv2,1503,-60,68,-12.30055332,245.68585205,270.72653198,25.04067993,270.79803198,9.5500,1,21,4.8326
41,global,layer3.1.conv1,29008,43,-85,-168.96749878,270.72653198,290.36437988,19.63784790,290.34360791,9.5500,2,26,4.7084
42,global,layer2.0.conv2,7454,-5,123,-24.89008713,290.36437988,339.07623291,48.71185303,339.23495654,9.5500,1,17,4.6549
43,global,layer1.1.conv1,815,-16,112,-27.11752701,339.07623291,353.23956299,14.16333008,353.79538965,9.5500,2,9,4.4329
44,global,layer1.1.conv1,818,-16,112,-44.42638016,353.23956299,368.15280151,14.91323853,368.80752222,9.5500,1,11,4.5611
45,global,layer3.1.conv1,2515,8,-120,-161.57031250,368.15280151,387.12786865,18.97506714,387.31834766,9.5500,1,10,4.7160
46,global,layer2.0.conv2,6017,13,-115,-37.35259247,387.12786865,395.84552002,8.71765137,395.60947241,9.5500,2,12,4.4824
47,global,layer1.2.conv1,1389,-16,112,29.87076187,395.84552002,402.27023315,6.42471313,401.38872778,9.5500,1,11,4.6161
48,global,layer1.2.conv1,1101,19,-109,11.92009735,402.27023315,411.55090332,9.28067017,409.91805859,9.5500,2,7,4.8088
49,global,layer2.2.conv1,4549,23,-105,51.02906418,411.55090332,413.59307861,2.04217529,411.85556372,9.5500,1,3,4.5360
50,global,layer1.2.conv1,961,-14,114,-11.92237282,413.59307861,422.85989380,9.26681519,420.77079834,9.5500,2,10,4.6503
